<?xml version="1.0" encoding="UTF-8"?>
<site>
   <description name="Eclipse Tomcat Plugin Update Site" url="http://tomcatplugin.sf.net/update">
      On this page you find all ecl1 plugins that support the development of HISinOne extensions.
   </description>
   <feature url="features/net.sf.eclipse.tomcat.feature_9.0.0.jar" id="net.sf.eclipse.tomcat.feature" version="9.0.0">
      <category name="net.sf.eclipse.tomcat"/>
   </feature>
   <feature url="features/net.sf.eclipse.tomcat.feature_9.1.0.jar" id="net.sf.eclipse.tomcat.feature" version="9.1.0">
      <category name="net.sf.eclipse.tomcat"/>
   </feature>
   <category-def name="net.sf.eclipse.tomcat" label="Tomcat Plugin"/>
</site>
